{
    "rmse": 0.6246072612589848,
    "mae": 0.4981867666716638,
    "r2": 0.2989161401446827
}